{"name":"","initialization_type":"xavier","training_iterations":0,"input_dimensions":{"vertical":2,"horizontal":2},"output_dimensions":{"vertical":2,"horizontal":2},"deep_layers":2,"neurons_per_layer":15,"weights":[[[0.22991546714302494,0.3904548480346096,0.43802960754600123,0.4106421311160939,0.02134611755699723,0.4067274113070795,0.1918034065080878,-0.0707607729178753,-0.004135521595806634,-0.13644273753994474,-0.08658553109220614,0.1500663233242081,-0.1681186622326809,-0.021513711557693542,-0.03349481724029448],[-0.25176764559494347,0.1459992790176863,-0.2858341440324036,0.06943076824396636,0.2907007866663265,0.1755235776634851,-0.0029199855803537255,0.08467958183025805,-0.1252349371129487,-0.2696120019193273,-0.16319474965754713,-0.30724737162166427,-0.016871027797599303,0.08500402467251958,-0.15605700712779355],[0.5696071229908418,0.5043342856684041,0.24174168797777895,0.18223437016398056,0.5089837094760699,0.4401450240600166,0.05651074128503141,0.08270069147182643,0.37546260385017766,0.37358141049517185,-0.1472563425951107,0.09231549740165641,-0.13113217821486703,0.262049332578879,-0.26028036398110244],[0.31373622846689475,0.1317237939581792,-0.09733285267845752,0.006164414002968977,0.11712386605641055,0.18233687735097712,-0.239114374746744,-0.3182784282585561,-0.1862301914581154,0.2533898598062511,-0.2958918721425109,-0.16222142113076254,0.16903472081825457,-0.011679942321414902,-0.1346437795385329]],[[0.08068669171532031,0.34287058008645094,0.40425933815439785,0.22237721348914014,0.050688667408798405,0.5145925536192465,0.3536921810602238,0.29027815214729624,0.40000784766440844,0.448797969123637,0.14751694207580807,0.2305725033597587,0.4387868702488361,0.1626539265220845,0.5509285184591682],[0.4905792727070879,0.35787655229886617,0.22912554864465332,0.20729764347389343,0.3638915719237772,0.11313287454597348,0.11716312278921374,0.3192683837688497,0.4089476895414093,0.4711815286111221,0.38014966846905945,0.35486745905496125,0.2779589638698573,0.09048235599165527,0.5230614493413763],[0.3563193145820343,0.2876623973818612,0.29114487672340783,0.2696007673910529,0.2250640864890296,0.4533095464765124,0.08135569005761334,0.05031153397652967,0.1104198500348784,0.35517450477867973,0.41093708401821205,0.17530106691803585,0.4140175620606462,0.19644349967045416,0.4061303106349602],[0.2584281721784268,-0.027705828203962637,0.04174594676254958,0.07916332722445772,0.3896013015088464,0.3043444447674902,0.3909346476997651,0.20959563466171405,0.2914592439059328,0.46879991719228503,0.12879473228163543,0.4198064486831379,0.03545050776414289,0.315494389435378,0.31468729344897634],[0.3132810679330401,0.17119170495843128,0.3780337282287788,0.14665886633159939,0.06330950398035161,0.49998782871299663,0.28393958676651304,0.11419451392181335,0.4066090408788197,0.22800300661878545,0.1602439161131953,0.07158831431656519,0.28024716718307885,0.255660411801932,0.25094869448708357],[0.42003934855019515,0.054264764599319386,0.21624964088768767,0.34539272221061496,0.09316157525582991,0.09460527459425494,0.3761621912797968,0.3968310436415719,0.4541274960442005,0.23217948965977797,0.2745039047673096,0.05187762026787733,0.055045591490460295,0.462266931713835,0.16319484630134398],[0.14993379639808765,0.28287895424663095,0.02431698839650619,0.38169688286483466,0.04529170890860521,0.1786081183269722,0.3760231349693194,0.13488818995650748,0.3407296733369849,0.482810628997906,0.3177853547974851,0.08870014601913179,0.22210761791867265,0.46527111999774057,0.4534273080055771],[0.4150100376731214,-0.03751905356789723,0.12018124932868395,0.1259405868254851,0.3732786977045044,0.10713155928098848,-0.005900701182609574,0.04051041328018674,-0.03991778466945146,0.2935234065096905,0.38178289529800585,0.08523154620894595,0.366778015074598,0.3007019766610261,0.2074493668694347],[0.24175898601796683,0.10314802441402413,0.24294302398477585,0.3416338017791474,-0.011992127426769727,0.4383116559404628,0.18459329057660936,0.03019767159153159,0.36967136047242977,0.47686949322370914,0.015259530692744777,0.35723253061720683,0.29836767639087314,0.055422110519014446,0.04824892400851393],[0.23898219380980285,0.33056915829502104,0.23709127141733294,0.1164010503926353,0.3321945694342362,0.13433050296494956,0.09779285938972612,0.3091155379472293,0.26052237994043403,0.18883363187005545,0.33408585014845754,0.1729593640001846,0.013155804740096812,0.15542741039571423,0.32475587457168353],[0.18656451640279703,0.20280839811570728,0.2135837370638658,0.13644838131394835,0.2500385346129592,0.29447474209585456,0.19097575986396575,0.31984093667047586,0.03630837705814364,0.1887779399687074,0.10082458389206753,0.3594117906638648,0.10913239907081797,0.3833443512490509,0.08736047394081624],[0.38636562578884637,0.2725640093181609,0.013603276678345285,0.07812078615056504,0.39368383989342115,0.16640620002922007,0.43022316614536404,-0.08396730225371361,0.18605320294129288,0.25520461201612465,0.09746314727361652,0.2017881467572178,0.13473474006164948,0.25587682375414583,0.1937033594694823],[0.2060084777216979,0.12833148717440826,-0.0880708559228377,-0.1326939483076558,0.2910903562449742,0.33872344380979713,-0.015347463806929319,-0.02828399140906161,-0.06377052472492858,0.3852266037735912,0.092642640880801,0.0037374667395214337,0.15699218984453925,-0.012726858858293597,0.3315986906597904],[0.023424875173675832,-0.01230667973454302,0.06405927351128007,0.14936976844535405,0.3711967334947805,0.4479814512117077,0.22295889670476263,0.24681756261864504,0.4225806324866395,0.31133461321431244,-0.0832736640324868,0.29134614580282164,0.14460225197716003,0.4252101954336312,0.26174776951484524],[0.4098911413489595,-0.019337415316060827,0.0815458569112974,-0.08035559984518835,0.05594940982842638,0.005204707732806763,0.4016465317694056,0.05352458309214427,0.11976879241569484,0.09961685375459656,0.013082218559168886,-0.040030220984070754,0.19795882729307404,-0.00662437326955119,0.19701369098819488]],[[-0.18774067213122586,-1.723576876971118,-0.46559999775796257,-1.3372063342582894],[0.18983503366920268,-0.9007957417202361,0.013537319737937302,-1.0553378780113474],[-0.13096059906881297,-0.8182203877679569,0.07359766471419014,-1.3350967983343778],[-0.3862441284625839,-0.9695824640180526,-0.4020234216410881,-0.9598448410345872],[-0.2388045022122707,-1.3717408324881983,-0.14928852684652275,-1.0609556494178165],[-0.021043677450399367,-1.2490572214119091,-0.37697353864731853,-1.7344212451199856],[0.07020584560207137,-1.2811792549144871,-0.11211692073069414,-1.402040940134109],[-0.15747806461592942,-0.8470982924536586,0.17432851582755007,-1.1705137215077868],[-0.40746309223144356,-1.4185176290327968,-0.23835313989851006,-1.4108698966293416],[-0.2588082119492604,-1.872869906139615,-0.1462184764120822,-1.8800739162101539],[-0.3954168122184781,-0.9260276174608534,0.12636499047115382,-1.211336631451757],[0.04955612842327865,-1.2659241022477337,-0.33963311927912426,-0.9428092319373731],[-0.25626493554004054,-1.0426988533771777,-0.13421552770340053,-1.2913771845659998],[0.19603763018321835,-1.4313625596683408,0.19130654352860696,-1.3773053278728105],[-0.37710591581258646,-1.5769657459847188,-0.27511659924597953,-1.7329133095948825]]]}