{"name":"nn_re.test_1","initialization_type":"xavier","training_iterations":0,"input_dimensions":{"vertical":2,"horizontal":2},"output_dimensions":{"vertical":2,"horizontal":2},"deep_layers":2,"neurons_per_layer":15,"weights":[[[-0.2183500328420064,-0.11939496595224124,-0.09473730994036532,0.07948849635407365,0.3082207001484488,-0.30854514299071034,0.18687907714263843,0.20764341904737607,0.02822652727675268,0.26604313065445057,0.1447015076486402,-0.1528125787051783,0.2504698742258974,0.0866262388838272,0.27869640150265007],[-0.11225722342248767,0.10998612352665701,0.11193278058022614,-0.14859482175577848,0.3147095569936793,0.2790208443449116,0.1434037362795941,0.05710194023802841,0.32152285668117137,-0.10998612352665701,0.21607893294617572,-0.09927950973202668,0.22419000400271383,-0.15021703596708613,-0.32379395657700205],[-0.25663428822886636,-0.10025283825881125,-0.20375010494023776,-0.2381410462199594,0.07916405351181212,-0.11225722342248767,-0.1459992790176863,-0.1862301914581154,-0.14729705038673238,-0.31698065688951,0.20731897620511452,-0.19369237683013046,0.17909244892836187,-0.10414615236594955,-0.024008770327352855],[0.2796697300294346,0.03244428422615251,-0.23197663221699044,0.21770114715748334,-0.028875412961275732,-0.28031861571395766,-0.2005056765176225,-0.09635952415167294,0.08175959624990432,-0.3130873427823717,-0.3130873427823717,-0.030822070014844882,-0.28778080108597276,-0.2355455034818672,0.12231495153259496]],[[0.20216973067202715,0.17015306834337918,-0.08907861696277057,-0.0278854800926934,0.1546611349585495,0.23315359744168648,-0.053447170177662345,0.0358896456748554,0.016266530054071148,-0.03743883901333836,0.02220510451825585,-0.0444102090365117,-0.2396085696853655,0.13529621822751242,0.05551276129563964],[0.05809475019311125,0.1665382838869189,-0.24219055858283708,-0.23599378522890524,0.17015306834337918,0.03485685011586675,-0.05938574464184705,-0.05447996573665099,-0.08391463916782736,0.24322335414182575,-0.23392819411092797,-0.15362833939956086,0.1492389582738591,0.03279125899788946,0.07461947913692955],[0.2109484929234306,-0.04854139127246629,0.04002082791080997,-0.08727122473454045,0.16292349943045864,-0.004389381125701739,-0.06661531355476756,0.08675482695504613,-0.13632901378650106,-0.23728477967764106,0.11102552259127928,-0.22179284629281137,-0.14381678158916875,-0.25329311084196504,-0.10327955589886445],[0.1972639517668311,-0.23160440410320352,0.1851286039487145,-0.2150796751593852,0.09475899253720813,0.15775952163551543,-0.22282564185180004,0.2434815530315729,-0.18822699062568043,-0.03563144678510823,-0.2543259064009537,-0.18693599617694462,-0.23315359744168648,0.23521918855966376,-0.0604185402008357],[0.17557524502806957,0.20010413955404985,0.15311194162006653,-0.2576824919676668,-0.23651018300839957,-0.16292349943045864,-0.19494016175910664,-0.1360708148967539,0.21378868071064938,0.0942425947577138,0.2561332986291838,-0.1513045493918364,-0.09372619697821948,0.005938574464184705,-0.0870130258447933],[0.01600833116432399,-0.20010413955404985,0.22876421631598473,0.2507111219444934,-0.23212080188269782,-0.08443103694732168,-0.09191880474998934,0.13555441711725957,-0.17815723392554114,-0.06738991022400904,-0.14175119047119145,-0.08443103694732168,-0.17557524502806957,0.07875066137288414,0.0735866835779409],[0.21585427182862668,-0.13193963266079933,0.2251494318595245,0.10457055034760025,0.03330765677738378,0.004647580015448899,-0.05396356795715667,-0.043377413477523066,-0.010844353369380767,-0.13064863821206352,-0.12780845042484473,0.18073922282301275,0.035373247895361074,0.02814367898244056,0.11644769927596965],[0.04492660681600603,-0.21998545406458125,0.2383175752366297,0.17815723392554114,0.24270695636233142,-0.1652472894381831,-0.11438210815799237,0.05680375574437544,0.16963667056388484,0.21921085739533977,0.029176474541429204,0.012909944487358056,0.1567267260765268,0.20216973067202715,0.0007745966692414833],[-0.07616867247541252,-0.18022282504351844,0.0697137002317335,-0.21662886849786817,-0.10276315811937012,0.04466840792625887,0.07203749023945795,0.22411663630053583,-0.11902968817344127,0.0012909944487358054,0.18564500172820883,0.0697137002317335,-0.2375429785673882,-0.2349609896699166,0.20320252623101578],[-0.10973452814254346,0.002065591117977289,-0.0418282201390401,-0.09372619697821948,-0.1931327695308765,-0.20604271401823457,0.16628008499717176,-0.21404687960039653,-0.024787093415727466,0.17170226168186214,0.1435585826994216,0.11360751148875088,0.13736180934548972,-0.10715253924507186,-0.153886538289308],[-0.22928061409547906,-0.04854139127246629,0.09992297033215135,-0.169894869453632,-0.14252578714043293,0.13529621822751242,-0.1830630128307372,0.008262364471909155,-0.005680375574437544,0.15337014050981368,-0.2522603152829764,-0.1360708148967539,0.07332848468819375,0.04699219793398332,-0.19571475842834812],[-0.05215617572892654,0.19158357619239352,-0.06274233020856014,-0.0942425947577138,-0.1804810239332656,0.06351692687780162,-0.21327228293115505,-0.08572203139605748,-0.1644726927689416,0.2155960729388795,-0.17893183059478263,-0.0012909944487358054,0.084947434726816,0.18616139950770313,0.19003438285391056],[0.1639562949894473,0.026594485643957593,0.12316087040939584,0.20552631623874024,0.015750132274576827,-0.2248912329697773,0.2569078952984253,-0.2520021163932292,-0.15233734495082504,0.1288412459838334,0.1022467603398758,-0.16886207389464336,0.23186260299295067,-0.03898803235182133,-0.12755025153509758],[0.1740260516895866,-0.19339096842062367,-0.04208641902878726,0.03175846343890081,-0.22618222741851313,-0.14588237270714602,-0.2569078952984253,0.07487767802667672,0.09450079364746096,0.11954608595293559,-0.1931327695308765,-0.03098386676965933,-0.048024993492971964,-0.053188971287915186,-0.20500991845924593],[0.08959501474226489,-0.18280481394099005,0.24373975192132005,0.20191153178228,-0.23470279078016945,-0.02375429785673882,-0.19339096842062367,0.14200938936093863,-0.09553358920644961,-0.10637794257583037,0.2514857186137349,0.046733999044236155,-0.04157002124929294,-0.2269568240877546,0.019881314510531406]],[[0.061644140029689765,-0.12134162300581039,0.2637720307586199,0.22483888968723686],[0.2984874148806031,-0.26993644476158885,-0.16092364976171644,-0.23846548906222093],[0.003568871264876776,-0.13431933669627139,0.24657656011875906,-0.009408842425584228],[-0.239114374746744,-0.005515528318445927,0.09538619562488837,-0.2530654169639896],[-0.26117648802052773,-0.1693591636605161,-0.1304260225891331,-0.10803946647308786],[0.1852568629313308,-0.16254586397302406,-0.3192517567853407,0.2530654169639896],[0.18915017703846912,0.12458605142842563,0.02822652727675268,-0.014275485059507103],[0.02303544180056828,0.2913496723508495,0.07948849635407365,-0.2738297588687272],[-0.11452832331831835,0.06813299687492026,-0.25630984538660484,-0.08857289593739635],[0.2757764159222963,0.310167357202018,0.2417099174848362,0.012004385163676428],[0.1537859072319629,0.036013155491029285,0.18979906272299216,0.09927950973202668],[-0.04379978370530589,-0.284211929821096,-0.16059920691945492,-0.21023896178546828],[0.2958918721425109,0.1654658495533778,0.13886153648793273,-0.29913630056512613],[0.029199855803537258,0.14372817912185562,-0.30302961467226447,-0.021088784746999132],[0.19434126251465353,0.19174571977656132,-0.1346437795385329,-0.2576076167556509]]]}