{"name":"nn_re.test_1","initialization_type":"xavier","training_iterations":0,"input_dimensions":{"vertical":2,"horizontal":2},"output_dimensions":{"vertical":2,"horizontal":2},"deep_layers":2,"neurons_per_layer":15,"weights":[[[0.2700770110755006,0.035281114916639905,0.0058954142133307175,0.3691666323727188,0.10098717117379644,0.15703825887779674,0.32657098981130983,-0.20428951282682478,0.3722469377381768,0.29518057391175534,-0.0034903341347787544,0.07415155554701233,0.18917057486979463,0.2737819321980678,-0.027590865791097763],[0.24928412054263854,0.3361169011736102,0.08135531523448802,-0.12516228553331069,-0.20491822700836487,-0.13501654778951133,0.2612432178100319,-0.05351321349185512,0.1337564463737675,0.31784829004512954,0.05746371232203922,0.06379969383107367,0.32378327456780925,0.06574223217378956,-0.16135111753492384],[0.21881504199817955,0.20269362152358653,-0.08754412435798896,0.01682170567670257,-0.2633621406858963,-0.1716223403331283,0.33176207528749424,0.3037879781547227,-0.12220395386838741,-0.21549245980788487,-0.18193389737861737,0.2921771455467571,0.3604763955838794,0.09436504042744437,0.3409762030179949],[0.2703729052896376,0.3435790865456253,0.23676343667775862,0.14380083070149371,0.011485148780073636,-0.03768369511105396,-0.12451932163892138,0.24724530128457847,0.3209599663586674,-0.24570892696313984,-0.10021550901706205,0.25619429929215853,-0.11194346258941885,-0.1636388573051093,0.3629485155597011]],[[0.30758982389102896,0.04507197845899891,0.4231738943788191,-0.004919654680031794,0.2311375543497677,0.1660728149700776,0.2775011436710777,0.1189569112249948,0.5141548171847815,0.10502490648428216,0.35336870650242036,-0.012687087675502013,0.11371953277844644,0.10226287754254618,0.2304568341775158],[0.17214662769154843,0.4072455658836225,0.16147472324593803,0.3799224634635799,-0.08936405651856068,-0.08898914362989438,0.12749304360335,0.13741837260033452,0.34108000816091566,0.27871352558021706,0.2009628853244872,-0.01861473451952471,0.43711986567770644,0.049463769647751746,-0.04462832414993235],[0.1230189256256597,0.03304378329828015,0.0740098558197413,0.0555393375979366,0.31019874231195566,0.2025808407998647,0.17871651372153008,0.38524941815843217,0.17445293558440958,0.2935073146810672,-0.016768873185815658,0.43159586777553627,0.35181457795095444,0.2638253762379049,0.23926897853921333],[0.19268308546304377,0.3882776607318388,0.2795029604621946,0.2958907891283871,0.17102440404477387,-0.03356426101807679,0.25260122491312775,0.33009942440005097,0.35716064289134214,0.03964833940117684,0.1672358143457314,0.38650810717308925,0.03816838083720395,-0.1077357205869285,0.03446318511345776],[0.2446144897971275,-0.07034608697982792,0.1193230194111999,0.2344108693526473,-0.06435706727121354,0.08694177247977593,0.09463121982970017,0.24341097781312712,0.32269228949563483,0.2640593087864631,0.19521203064499032,0.35859925114638486,0.25555167388636235,0.09047384071974873,0.26053711773854193],[0.08391725646978612,0.27902914729453143,0.1726915903109429,0.03134067714061033,0.23638675814854082,0.27536699527381364,0.1422244804773281,0.2434227594702773,0.3550923095621848,-0.0538152661383217,0.010402663358142598,0.27038370834635084,0.044446345214589254,0.16175358834000356,-0.04757663137817669],[0.30091117600405665,0.35040681825884173,0.18970119406562164,0.443338917626991,0.2441622219484828,-0.18625229837575982,-0.06265079613298265,0.003306556667257517,0.3814330822724491,0.19578420105800765,-0.06350322714966326,0.20802475137403253,0.3155679808714668,0.3744923551943532,0.402903484180474],[0.11480453808242133,0.17955574351439213,0.04138044117502927,0.1033932898077193,0.2066845712993578,-0.17435629592002344,0.04520420228433208,0.4066994863099005,0.19983942654930367,0.14977177575867134,0.04839405752173902,0.17974035091980567,0.23639691110061614,-0.1002661202371899,0.21907941957397492],[0.40606885839528833,0.21649990269743832,0.34859554390478875,0.18830544064168758,0.09614986624114573,0.09470001905691579,0.08060637203959281,0.3265434933483108,0.3826283874525901,0.03581863485600496,-0.01250678706074431,0.42128203119152785,0.20783897450111494,0.3242041295495778,0.4023991229373549],[0.25031887624123667,0.20321793708311567,-0.00563914593845088,0.19813486467231425,0.1625004175714262,-0.19117376811563921,-0.08176831561672163,0.32821963600994086,0.25671647932078695,0.1471049556281045,0.18835516293674254,0.12029716221411445,0.2920396888726305,-0.09203044149720757,0.3280729578638709],[-0.034706996502457454,-0.07377876819268368,0.22726236688342835,0.3728473542575322,0.2997872138381543,-0.1324154834383379,0.3913150125198303,0.20003446448704654,0.06771914303844757,-0.09029504959180125,0.21658653913130008,0.21284742674754728,0.3643605563874592,0.05446722363044977,0.3331994374146214],[-0.036184873006612286,0.46402479034359684,0.1889524907342217,0.1692323198519853,0.30930257968315816,0.13150115533369716,0.37252265883484575,0.4544650510625336,0.47191781928015575,0.3419299310196055,0.32136519008341097,0.1352370505100604,0.018183174880693147,0.11949915260198941,0.13841384771065024],[0.12216827158885862,0.07608948181010367,0.23230954616079752,0.1969603909997854,0.2845722188837848,0.07999582921350502,0.28561959233350576,0.38626713076689106,0.10242464284764555,0.04104341208083823,0.39530792345161114,0.06783883162336841,0.23544686191475922,0.24375380163223084,0.028628400638585492],[0.06403624695991415,0.37913860671585586,0.460503128722506,0.11393033305456951,0.07707985612862206,0.1632546228745741,0.37188274987181114,0.3255428103038948,0.16126639807946386,-0.01667980129989044,-0.04329950925396134,0.4445014469574434,0.2891175686364218,0.19633269219253582,0.29412893122161454],[0.14085461761996043,-0.03192283784160772,0.11372477216401088,0.2843373796326263,0.2569523136835107,-0.05662983856055643,0.2341683682560806,0.11737306241661079,0.4130763583594969,0.15583296705876515,0.22694714788517464,0.004253466314106361,0.16504582187955533,0.21079940042200457,0.04370076304300863]],[[-0.6113587945236006,-0.6595484547784156,-0.68333275965758,-0.7935778104986115],[-0.5615474172221314,-0.8937247034762836,-0.7884690587423406,-0.8538580593642963],[-0.9765404287869047,-0.8937716320183181,-0.8785398481778269,-0.629076327339526],[-0.6369316988362479,-0.9369898335920921,-0.49664539950815073,-0.8789482174245401],[-0.5619502118783135,-0.8183493779914338,-0.5436687948451011,-0.7713310834023842],[-0.33214162654361506,-0.5214218645903149,-0.22394096347546277,-0.287179076887898],[-0.91636848490217,-0.692906607737233,-0.48803250699972234,-0.7211659497345156],[-1.008006111441458,-0.7819639630348065,-0.8931692056907347,-0.7427485579113196],[-1.1089846406805939,-0.5987610973052637,-1.0713995915463024,-1.088071340142678],[-0.5031889263480163,-0.45588268782595026,-0.5357650385217679,-0.9153269715327635],[-0.6158397078906825,-0.5040543107745343,-0.842446027659228,-0.5602101778408904],[-0.6689056584786608,-0.6250086919158142,-0.7773893326395247,-1.0033473175980319],[-0.8004397100544224,-1.0146338319787065,-0.9433607200887688,-0.40602280134344454],[-0.7158963575764756,-0.6748411949123964,-0.5335126628833213,-0.42698899801789236],[-0.8762262249330205,-0.677333600590274,-0.665269425383767,-0.592360501880774]]]}