{"name":"nn_re.test_1","initialization_type":"he","training_iterations":0,"input_dimensions":{"vertical":2,"horizontal":2},"output_dimensions":{"vertical":2,"horizontal":2},"deep_layers":1,"neurons_per_layer":15,"weights":[[[197.45734602039704,162.76687805240655,52.327312873873964,79.05852884528225,140.0950685332056,202.98634784254165,-3.38821010974058,-4.415165913693696,-4.326879242692997,-3.7577171272942933,7.027766108552731,-3.4924439033584322,164.14527255780442,-3.103783584373418,85.58461617251709],[370.87175269989154,302.4987501237086,101.18128612053773,151.34556818829182,266.35453205226185,369.86509850495924,-6.023202924682187,-7.57129795175367,-7.101857096732016,-6.3740920878669325,11.066080466216743,-5.714932363822083,297.16012416195844,-5.327711241855559,163.47647699504378],[368.9603904789069,302.7519039592855,100.40339661584905,150.38036623604333,264.8366687680369,372.23657579239324,-5.358522550366835,-7.4715958956063675,-7.171860668069484,-6.012053415899423,10.652422999222612,-5.426432797097974,299.5603456480306,-4.980989887784629,162.59603723934123],[173.61142939551857,139.32803289820293,48.08817660263871,72.18450885973733,125.41447091553832,169.80106413239633,-1.8875809472274268,-2.7940933660924663,-3.291872911086383,-2.3427246362534517,3.6536482686985403,-2.098037666974817,135.10111767937929,-1.9797367866832645,77.6705364000157]],[[-45.12587449183552,-80.70923709052609,-81.41985475943703,-37.362487710781146],[-36.0298032858417,-66.76663316496433,-66.06548766988708,-32.39576148832806],[-14.210341124824815,-23.0192083590272,-23.828370386239126,-10.564875124222894],[-20.328512633438574,-33.88508971067968,-34.32658307553827,-15.448744133524002],[-33.54034764730415,-58.08732883467406,-59.25247444328783,-26.678409139273835],[-41.94139161845588,-82.22896603840547,-80.27420501419246,-40.71252067075242],[1.7361571185319065,3.123817218955194,2.963882232163687,1.8219973133542413],[1.5811595936878244,3.6386070892047955,3.5060582302885464,2.29878646056897],[2.263655503225462,3.5892728434726977,3.09668769008972,1.9973651445162128],[1.9273072696214193,2.997875797844908,2.9628215541645773,2.37698003157456],[-1.8502260555942311,-4.268072932967799,-4.197964445607136,-3.2973176681300984],[1.3372173033828227,2.900234670571218,3.3785790374590614,1.8247940382747574],[-33.436768471424,-66.40079374818532,-64.72386841553661,-33.91310442739653],[1.5294715046456555,3.004994426012,2.7819428152402708,1.899175785172125],[-21.55023087436581,-36.49418071697422,-37.1335582368174,-16.45347042784321]]]}