{"name":"nn_re.test_1","initialization_type":"xavier","training_iterations":0,"input_dimensions":{"vertical":2,"horizontal":2},"output_dimensions":{"vertical":2,"horizontal":2},"deep_layers":2,"neurons_per_layer":10,"weights":[[[0.07975050380494694,0.09297926036026989,-0.04573370123411649,-0.26230734426840363,-0.2184634653993333,0.17915516020637368,-0.04989131043721799,0.029103264421710493,-0.03628458940888581,0.23509390221173931],[0.09146740246823298,-0.3586882848857566,0.10469615902355595,-0.28989875079807725,0.2827174258109019,0.01776433023143368,0.09486908272531602,0.25890566401132065,0.17726533784132756,0.011716898663286042],[-0.13871296159438637,-0.1390909260673956,0.16895011943512456,-0.2766699942427543,-0.2929224665821511,0.24492097850997924,0.055938742005365624,-0.0034016802570830443,-0.34092395465432296,0.1126334129567497],[-0.3125766191786309,-0.0793725393319377,-0.2199753232913702,-0.2827174258109019,0.28725299948701266,-0.08806572221114994,-0.3363883809782122,-0.3174901573277508,-0.1640365812860046,-0.30123768498835407]],[[0.21345374206136564,-0.3092707551644675,0.16190861620062102,-0.02181971585516182,-0.13945644481342553,0.1827796487577323,-0.21819715855161817,-0.1818309654596818,0.1565327441783348,-0.18341210428976598],[-0.1868906097159512,-0.07209993065183905,-0.2441278353649989,0.024033310217279683,-0.21598356418950032,-0.06925388075768751,-0.2172484752535677,0.04490434277439098,0.046801709370492016,-0.1818309654596818],[-0.1217476899164826,-0.18467701535383335,0.16095993290257052,0.10119288512538814,-0.05818590894709818,-0.0091706052144883,0.2308462691922917,-0.16285729949867153,0.26721246228422807,-0.09961174629530395],[0.25393089611152087,0.020238577025077628,0.06198064213930024,0.11953409555436474,0.04300697617828996,0.20681295897501203,0.0841165857604789,-0.21693224748755086,0.3111681217605685,0.037631104156003715],[-0.13376434502512244,0.1492595055599475,0.04933153149862672,0.29883523888591185,0.1774037767354461,-0.14799459449588018,-0.05628854235099715,0.29092954473549093,0.17772000450146294,-0.3073733885683665],[0.11067971810589328,0.28681858377727204,0.10403893501953969,0.136610394919274,-0.036049965325919524,-0.21629979195551716,0.24317915206694837,-0.22199189174382022,0.00031622776601683794,-0.2317949524903422],[0.16791694375494096,-0.1125770847019943,0.2934593668636256,-0.1666520326908736,-0.275118156434649,0.298519011119895,0.1141582235320785,-0.06704028639556964,-0.05122889809472775,-0.01992234925906079],[-0.17107922141510934,0.21661601972153402,-0.15305423875214955,-0.18625815418391753,-0.027828043409481737,0.1631735272646884,0.1802498266295976,0.24602520196109992,-0.2896646336714236,0.04553679830642466],[-0.0075894663844041105,-0.1992234925906079,0.2317949524903422,0.31053566622853485,0.169814310351042,-0.24381160759898207,0.20206954248475945,-0.07652711937607477,0.3054760219722654,-0.020238577025077628],[0.3042111109081981,0.1584301107744358,0.16728448822290728,-0.12712356193876886,0.19637744269645635,-0.21218883099729827,-0.06735651416158649,0.24539274642906625,-0.11985032332038158,0.1615923884346042]],[[0.02003211706948904,0.2781818521347912,-0.09222333141425143,0.31484440601668623],[0.16290268786697693,0.05480484858633794,0.3163562639087232,0.3163562639087232],[0.06803360514166089,-0.1319096010802203,-0.05102520385624568,0.33827820334325837],[0.2755361008237266,-0.18444666282850286,0.16063490102892156,-0.31068679681358474],[0.05102520385624568,-0.1443824286895248,-0.3076630810295109,0.3481052796414983],[0.2184634653993333,-0.055560777532356394,-0.2849852126489573,-0.048379452545181084],[0.3341205941401568,-0.16479251023202307,0.19540763254577045,-0.14665021552758015],[0.16139082997494,0.32882909151802764,0.3511289954255721,0.12699606293110036],[0.08579793537309457,0.03099308678675663,-0.3008597205153449,-0.2226210746024348],[-0.09978262087443598,0.1681941904891061,-0.12737402740410958,-0.2849852126489573]]]}