{"name":"nn_test_1","initialization_type":"xavier","training_iterations":0,"input_dimensions":{"vertical":2,"horizontal":2},"output_dimensions":{"vertical":2,"horizontal":2},"deep_layers":5,"neurons_per_layer":10,"weights":[[[0.23525246810127345,-0.04306970170008896,0.20041886719290536,0.16441328082110598,-0.2850296816045856,-0.10709259928540377,-0.20567693805764037,-0.17134014138798792,-0.02717279556748968,-0.020897550122548268],[-0.18148205273962587,0.014318017091308144,0.26511717722911626,-0.21875660830726598,-0.059903378341541295,0.17785003883233938,-0.3650716950629812,0.32498021293581597,0.028917269593888056,0.3199964997715206],[0.10296490254804397,0.20487499259396452,-0.32646360818195924,-0.18520385671242917,-0.10889823718228474,-0.06324872041633345,-0.1380212973889887,0.08491977131226758,0.04879806350736479,-0.052646565855323624],[0.10577094674738674,-0.024234359155633118,0.30177973111101136,-0.16357379524791882,-0.06935249016677192,0.21904816639034513,0.17428360792118633,0.3268700353008621,-0.16535646953285457,0.022160495040248668]],[[0.2636396143773517,-0.1620245764330169,-0.20670204566194764,0.20098507806934857,0.04291414160697801,-0.21833355722036124,0.08847270877460377,-0.14384147315036402,-0.10475724859468433,-0.003560117713245081],[0.005947331094257415,-0.22684886823195352,-0.06630168516157581,0.11992939425996131,0.055058727962429325,0.1243159308598841,-0.17409561276845495,-0.25774234064343315,0.09477160842226527,-0.23583831977621572],[-0.03371855546777408,-0.14996229624033555,-0.053078814849867324,0.30639816921200635,0.009162768378773558,-0.042822043352027904,0.03439997202653197,0.20970179112728318,0.14623442008447599,0.08058313738991221],[0.2550118925222217,0.05962055863263526,-0.13439560070679038,-0.19123118674199255,0.2754093952199866,0.012532099976801533,-0.23540168384207993,-0.2646631477074988,0.20971185953768673,-0.039856194548151334],[0.05186220008797164,0.20383528595634465,-0.23313696573848233,0.2085418588415769,-0.10984012977562992,0.07780183599124153,0.2804705952997579,-0.23419756120683338,-0.09863731203800931,0.19782406164647914],[-0.040989622168642416,0.3085519594543191,0.12226145614760481,0.1455183020513172,-0.30629931149800266,0.057249128380270575,-0.23329056527612899,-0.13085183502120998,-0.19163240427670272,0.020499631198069714],[-0.008332749317149045,0.22755054637796104,0.20435836999584595,-0.09043304031051033,-0.2811164159894563,0.3330046706907926,0.06300644714049378,0.1467813626565532,-0.07357736354182291,0.2901130222302848],[0.3270009055289824,0.29434615541152687,-0.22780629839024294,-0.08900844128818598,0.262922058459534,0.04892748213285866,-0.08564058938767045,0.2618116417670868,-0.13383996954010363,-0.08927660262331173],[-0.08414480282735189,-0.05104043231122548,-0.16169720987716726,-0.1656428335241546,0.13396407064463087,-0.13825658873006919,0.045286639554822074,-0.2469048803083338,0.12449352533976922,0.32957759212084775],[-0.035370517494522885,-0.29133465236871153,-0.15440427492253261,0.1528745615802488,-0.2614382267357944,-0.09656103009911006,0.2175579108408735,0.16410688140956362,-0.2749408249332019,0.10585919552598423]],[[0.38318703216142885,-0.26199280887129606,0.11511692062220097,0.22381011408776852,-0.2916792574945064,0.33315431147469615,0.18914653077240298,0.33511771737405704,-0.2827519510932419,0.2490870272918505],[0.013731562938612465,-0.1758890445676654,-0.03480248612191424,0.3511183882582529,-0.10675682521327054,-0.1448172972726876,-0.005818958121424927,0.37002438021826384,-0.010365408888292451,-0.22041721068758838],[-0.060255967840488665,-0.09317414382441538,-0.25186974497466713,0.0070532671007995425,-0.2889156670070083,0.2872251990724521,0.2942883218176561,0.09890040600246174,-0.2820923749174619,-0.07675153631512983],[0.24223440422804443,0.21567761911214425,-0.32945426927581317,-0.19485777947250718,0.30844147018168255,0.39715460755388504,0.22932742650451912,0.11294208530709886,-0.2339826988527799,-0.10226053985282309],[-0.14170347059254165,0.06996398549853114,0.19495920904843533,0.38548804995805064,0.2695331029694835,-0.05664522475563156,0.012361478318051566,0.1036436544197403,-0.15034929675912057,0.28434287681574494],[0.3357851714601484,-0.30035649065089143,0.1793293187883767,0.4001574566081863,0.18419909895765071,0.32281703152277746,0.24297060759681613,0.1918935140202949,0.2436243624859826,0.3960565546430497],[-0.19914061845604705,0.2188831595950614,0.21786774103339757,0.21556089732697886,-0.14776449506798672,0.39264627817228476,0.07689113819411002,0.30154821218242905,0.017600385034452336,-0.12779358611731517],[-0.1793092740790771,0.012780558027360707,-0.23805581803275638,0.25450257529590653,0.11034285665697562,0.24842974180340918,0.35766917452665153,0.0310308399538972,-0.3111648568160242,0.03278424169261024],[0.20808409420294824,-0.061548163261139766,0.26636949851144326,0.037835641065381065,-0.1260883919696701,0.08620339801038271,0.008783338591901144,0.14496158474148632,0.3060059194204464,0.09719202542134718],[-0.028139008988308227,-0.25281226724971245,-0.31323058507189844,-0.028991486816131968,-0.15928191017101478,0.2429647353733062,0.19917922678100328,0.1318933316212128,0.21671430270228578,0.3219232902932686]],[[0.6178857473889778,0.12688912152166215,0.3228434498844343,0.18051040025673304,0.10253544642064343,0.039129307661488,0.38848674878749045,0.28834729956529526,0.03449578008903137,0.48667577244947574],[-0.04809030552484699,-0.12098140016540944,-0.02207933421334721,0.04553801575555688,0.14708569815688527,0.1581656617853102,-0.036100617267255906,0.13197972836932526,0.2336954075186733,0.18478247832697342],[0.1642249053315507,-0.13654613940244006,0.18906474554901723,0.1583700857789793,0.01483514124874481,0.175060677246793,0.0059685252550756894,-0.002214318863968976,-0.0904037558719309,0.035825508875982584],[0.6877787726598292,-0.050339591474290526,0.10848439620034132,0.5301125871841059,0.36430138183180893,-0.07809731334947109,0.11920264668250434,0.5901391192802585,0.5814063822091525,0.05605478891246145],[0.06541467827430111,-0.09793849742902556,0.17976652495737738,0.3346129978264697,0.2312701625003477,0.12302189115958957,0.025129553185608854,0.43834743061993414,-0.06418127426873298,-0.09611251115003636],[0.5475137724112882,0.4601849153918818,0.1275950042172441,0.452968871420328,0.4486785997645177,0.3601018197394698,0.3124827971579831,0.24864997986806328,0.07887117705606826,0.530402623381953],[0.20333396366759776,0.292182912942093,0.4616317871086921,-0.08949082690499581,0.21824436783393633,0.521828671740995,0.36884613262521426,0.5022857384583106,0.12090505550387352,0.3409356793230782],[0.3560995365143103,0.4467007208177913,0.5052255468982771,0.45332230782407396,0.10237898849345378,-0.008595984612521706,0.15271229434817019,0.17108391183949845,0.31049027594744083,0.4137101387802069],[0.0335176689065389,-0.15251895229332296,-0.1384404912831743,0.2518693984733547,0.008206559113484002,0.24789267349620006,-0.15812157698902496,-0.015198216890595705,0.5121614827369059,0.2500828274015865],[0.48367842663370797,0.049767468446321024,0.01827804833864946,0.3337448071984292,0.43403335248105807,-0.07229504400399826,0.037723872716656774,0.515497238375323,0.3982089623400994,0.45855902129663606]],[[0.7824484332492899,0.7257444983158321,0.809580016197363,0.18458719514786842,0.7838998213891178,0.869915884163161,0.3878786257476382,0.8324487514402032,0.6955238391050733,0.849697028873982],[0.1375675379986071,0.34649660047839365,0.26344017032817296,0.4032494969751381,0.2713874534790053,0.6957829661708493,0.5868643276527417,0.6019028113220697,0.3814423667886687,0.18439964382246596],[0.24925244410582015,0.5938429282092325,0.6349336790867104,0.2904316827779806,0.32206307006938234,0.34792748254239525,0.2572852163753641,0.6871199183717419,0.2916200989754884,0.632184688831425],[0.5471991953021337,0.5476741396319244,0.5333508358911188,0.6826444853762854,0.3600171336263659,0.5589024387407188,0.3180723566267583,0.659614309309181,0.6875258036317898,0.4360476462761817],[0.6499599545419177,0.6196292389437561,0.7496882963926841,