{"name":"nn_test_2_relu","initialization_type":"xavier","training_iterations":0,"input_dimensions":{"vertical":2,"horizontal":2},"output_dimensions":{"vertical":2,"horizontal":2},"deep_layers":5,"neurons_per_layer":10,"weights":[[[0.2907957100838731,0.2538377532852009,0.05092790002185806,0.10055516712007011,0.08923664730789028,0.08363861610180559,-0.333330392864856,0.022807229208850758,0.18447868579453436,0.007421177179158465],[-0.1422517511408129,-0.2848229428829331,0.08949187091961723,-0.3493417384369334,0.09050609478317403,0.04399440622687233,-0.060646444941522576,0.2825365366606332,0.12009703182233725,-0.1808574486047983],[-0.08036540241118827,-0.27002100630558795,0.22479155760610262,0.04650624747975078,0.36930832180772805,0.10669444895536846,0.23437224559500333,0.34747871152377663,0.17011603582018373,0.20736438340103966],[-0.31989505345514996,-0.29653984154621915,-0.015960217049957093,0.022953267477155405,-0.11624047195287324,0.14113127579024357,-0.19595772627882607,0.28858396822878085,-0.16866782555671242,-0.020978476521895315]],[[-0.07965353998271657,-0.1429603561675012,-0.291141469607213,0.3216913437623155,0.0843336120711067,-0.1822637066918266,-0.176437931555575,0.15687585599838583,-0.1542230099180496,0.19369785970312434],[0.02084277303168455,0.27908087036371476,0.052816539203856525,0.25937153987990846,0.1496480891560978,-0.06046328073805273,-0.2634401050621401,-0.1630911991276267,0.22576360859019054,0.18362156539946808],[0.07521169186649536,0.00039439889544999325,0.09921679502127212,-0.2499848815678799,-0.0040569814226951335,-0.0772242776823513,0.014551885292039619,0.23814969865350097,-0.29898536429701456,-0.014740253166352423],[0.1932864781471843,0.080040476029493,-0.2614090170760416,0.01786571820694897,0.14037462304106588,0.2664279062092452,0.18000470457021725,0.168396592494059,-0.04924171332123629,-0.1535179506663021],[-0.005919584814830876,-0.17387687111633127,-0.18250528159220092,-0.15347309621743443,0.17710981144721202,0.0581540680756346,0.09987104021013296,0.04659197766694483,0.0952640603015248,-0.19944305181133867],[-0.08765671203610516,0.019653584462099295,-0.21385280163759848,0.29546042820258367,-0.15397289595825253,-0.1982928144290205,0.2561232072185873,0.1286511012788336,0.10896589676721821,0.31319661365942736],[-0.30406806175080264,0.11084938409598638,0.16448423455189196,0.059590524427502116,-0.21272385762826743,-0.16569834286195262,-0.10156428747732013,-0.10067414662953265,-0.3172622774823806,-0.2530952315034816],[0.10041864430251671,0.30596811358148823,0.13160486725014892,0.22409959141578556,-0.03964585357827114,0.2678304320392817,0.09865135576547786,-0.037924152580824155,-0.14459811575520817,-0.24278605479365767],[-0.2299515200436679,-0.2623900189257582,-0.17337218472568525,-0.29740910486596217,0.046530387127348256,0.29748397284755596,0.1372479044861808,0.05443132404800956,-0.16396699050348149,-0.23073338901514462],[-0.1274870694869123,0.06809242504240197,-0.008694958050099835,-0.06354630969764535,0.2761169926917238,-0.17599870783681146,-0.14347057758894188,-0.20730005176748667,0.09486182251074586,0.129483905614468]],[[0.08139720712379321,-0.011814991701025476,-0.2241382359438617,-0.274327134260809,-0.0384421116472564,-0.29454055139072216,0.04500782631600021,0.33361229626529953,0.2852471582148246,0.01482863374457158],[-0.004518203486873649,0.15423269155925184,-0.062437674110594206,-0.20246798730459548,-0.03810188048375015,-0.01330211642483202,-0.1520641173925957,0.3420129109755569,0.19205173640203677,0.2268695289680979],[-0.14484028536656704,0.1979671002788511,-0.021374942838470013,-0.036126860635639774,-0.2663388476205131,0.31235739670160884,0.2932358499573136,-0.22490765041387464,-0.0006438994311141683,-0.0018456069281033477],[-0.1037269355439037,0.09448648358390918,0.21438700054654314,-0.012301881652729649,-0.2947771234911847,-0.245712357683658,0.29714365628936795,-0.17107015252407412,0.3826924128928869,0.03262701048286147],[-0.004097777727693067,0.21909627740167215,0.16011194581078145,0.28785769829418395,0.015444603368656155,0.10205575551694021,0.02559288784719538,0.32208965101243475,-0.1833400697513196,0.2577107497132643],[-0.10651901191427192,-0.1718216739021283,0.17605981170102375,0.21605339285372668,-0.007190554473074282,0.11610209139511139,-0.010165145252510967,0.0521058883819861,-0.20301148903406874,-0.015828902884736117],[0.06007767723900064,0.07422862246754695,0.06436652381710428,-0.1499069702812116,0.2675120134257756,-0.24794363558020452,-0.10876511168793757,0.3647562800783412,0.2722230045719666,0.06672622704414712],[0.05191117580455065,0.3388189492987406,0.3308979319861098,0.1420024208582596,-0.1814123337457407,-0.0851803511560187,0.3428656377083914,0.21477645689410377,0.09475362849549322,0.227009058467375],[-0.2343869598511955,0.01177000548138653,-0.25609170647347207,0.1848926739495966,0.2339623911141111,-0.2006517971400442,0.306418292959701,0.10898030886268406,0.12111442585563022,-0.17393998067326197],[0.16926934155492288,-0.0034003851561558644,-0.12607900133485403,0.22374349059896917,0.27682879144648426,-0.03218427481836317,0.15757158815431868,-0.07391422570613067,-0.1806869749721258,0.2938475088593897]],[[-0.03566945703466994,0.25360299056128777,0.08492333915836661,0.07774871792681826,0.11439686139641456,-0.07091304804341925,0.2372938232403703,0.287701777003634,0.19664638646434607,0.05718369171940037],[0.3529992781411267,0.35897972524038047,0.05032807264375022,0.020666989139441247,0.4732331680196954,0.1580577562644151,0.4268177960120375,0.38331766096563114,0.09513489702021212,0.45307733205555806],[0.42614279175903885,0.3300715310414145,0.19720446421486915,0.1271245011550034,0.04424354935500972,0.4535399007306258,0.0258316904676287,-0.07659012768786429,0.2800239948478731,0.06850115620987715],[0.14655468293984328,0.22130673755320646,0.05894380140139071,0.07659236915739896,0.4473500528362964,0.3313598944759696,-0.00867496472331117,-0.05291530598163005,-0.005935058008654928,0.0658138452917825],[-0.1385287931138699,0.08922701551078352,-0.05137340926621001,0.27591831819109386,-0.06026695403371301,0.04297826127423718,-0.08048628703905703,0.45391350840219896,0.05796602676956971,-0.08324299109928142],[-0.15135770857952538,0.01624672030947146,0.44382664792936505,-0.002309404201991181,0.16095778980030287,0.002786154136428492,0.13989479839004446,0.023248228070975333,0.26257776389873466,-0.11244083072615384],[0.48329080354380405,0.02598740654315621,-0.025819984115222443,0.47431326248919875,0.4503979561059151,0.29530970703453496,0.38841403498767674,-0.06007481867479131,0.21723911454307243,0.1876015904618817],[0.3814884350248145,0.46195265914494854,0.01153608971437599,0.492495068252551,0.4903456454650953,0.1946578177809383,-0.16701250978717128,-0.004585608983262288,0.24089338390982243,0.021929763634837368],[0.4675563235503707,0.46749220001049285,0.31872993127544846,0.05982120178722305,0.3001762263449375,0.4555438873930098,0.21664765262359645,0.2645916783513251,0.10280744156815587,0.10651167664885938],[0.45420627786866563,0.0389680027421965,-0.08241386144915237,0.357148609568511,0.43493224380262024,0.41500058027065545,-0.04372349538958857,0.4643920377706199,0.4887296179641183,0.48509424209297386]],[[0.5975218085301204,0.4510083905057917,0.5970111094519074,0.49371287858889334,0.5119199614709671,0.4802633251047271,0.4869576715247729,0.20171490540763062,0.7724723729225432,0.20518126573144474],[0.681049078497839,0.679956635671402,0.42565637000361983,0.5777779870969268,0.30117109980574785,0.653973060662714,0.657377831651997,0.43453357342389043,0.6386483099034116,0.4388772579545252],[0.5855425437212539,0.39264671149094665,0.5725016907595422,0.22201587573400816,0.4510818217050379,0.22611742277140578,0.4157889686194646,0.5147695587691725,0.44005569417276763,0.028923246393952152],[0.6035390289486813,0.5858329525364219,0.423586724491686,0.34567428866577027,0.73041700630677,0.27387490229897893,0.3479728788821681,0.1403987395409998,0.45082345963834697,0.745660938912172],[0.6372833087246932,0.4631217271604083,0.7200012036145108,